City,Temperature,Rainfall,AQI,Urban_Heat,Transit_Usage,Walkability,Green_Space,Biodiversity_Index,Energy_Consumption,Building_Efficiency,Water_Efficiency,Recycling_Rate
Tokyo,15.469105489326756,967.1199640869413,112,4.682191951074136,75.99412597612326,96.13124156039872,26.323065412199593,754,8669.560792048007,69.37976157413848,26.536740320736726,53.534904417234586
Mumbai,23.95255005043353,1969.265792932263,174,3.005433018562684,32.49812634380335,62.718105787490884,35.885582169235576,164,8435.60474775704,73.09734683354779,57.22759615609624,21.26000622616505
Berlin,20.095904276451023,762.9954048340078,114,3.0722571026145493,65.69222754963123,72.93879724474954,14.393324957241667,175,11171.557833956467,99.5794204435137,68.4900791668667,49.50108291054732
Mumbai,11.622306177724539,525.7416527476254,107,1.7599059214712787,36.67279467327086,41.69237622644526,27.53134656045904,810,9424.099364806694,98.53749788353352,32.2724256333999,21.90225112635909
Mumbai,16.347885348358616,1645.0466345058665,139,3.962718199363716,26.96089749315416,99.38180382958836,11.660155439568328,242,13318.63113251422,97.11576948365965,35.73321273166232,87.63703874947588
Los Angeles,16.17190157096503,1710.3694655761692,30,1.3416968685088553,37.02205336996178,46.21701909684104,13.928924857751037,927,11696.026161339618,89.19213383838368,60.68736617716129,28.92177715960083
Berlin,27.407606820994708,1019.4564816341012,80,1.9565565638190965,70.55868522989614,95.99122418945879,29.846163810079805,704,5699.316057094341,67.74206801284453,26.088341205730803,69.53818284314332
Berlin,27.80676474811105,1197.010719409417,33,2.4144639737738753,79.89875276744,75.4752654294658,16.635787702153017,572,11401.68223828166,70.60654651313858,19.382908264206876,88.094342602446
Berlin,13.702173248834997,1474.6605239641449,142,2.7842467040800476,78.11539051968941,72.54157564152014,38.37704241307791,516,7711.474365001848,77.48080218594623,61.185377404219025,77.82273361666003
Mumbai,34.943512126223546,572.0883862955505,61,1.590843795867861,47.80284707329184,65.88819577115561,44.47324845686329,404,10928.119916534226,91.52672282024199,12.79003518640393,68.95207625883427
Tokyo,16.669525356882126,1923.718597387079,63,1.016765711326416,66.76595955994523,46.14688682024311,50.029334955454146,835,11801.319311034513,53.43564162591339,47.18196641196494,78.76226366505368
Berlin,34.41537389581632,1830.0205809470713,121,3.2477901909873466,34.348900679107466,42.35696224038558,20.007512212240506,596,7308.291891540121,71.21484429424441,43.71957084800841,88.72590852824393
Sydney,20.275925332955783,891.3404350125709,124,1.798837489581151,40.52034111827093,45.43403463491227,18.37412911295349,390,9568.586448803686,54.130883172963436,30.755226850101657,63.49411480774707
Mumbai,10.826268322513709,522.9568104355772,101,3.1155719964017554,82.74350729647838,43.05067835009782,15.228392016720012,201,6903.248628190678,75.73287932867558,28.911371265841538,59.14293647805285
Los Angeles,18.626781200667075,1900.1544621192245,68,1.1946322187339105,20.910134645751523,84.57091314967273,41.821512477181834,366,5523.388757865083,94.94504120031178,56.311463570897274,63.976667732429696
Tokyo,25.858783617534094,1251.5598258728887,183,2.665130458346679,25.985597159812766,54.508768141671105,45.32378632434506,966,8784.76423485869,89.1242462281969,15.18547664575279,57.28731207330885
Sydney,27.01763628886917,1309.0661726000938,191,2.896652446482136,34.552037860221915,34.048987359437746,11.579307241282102,721,8629.442718459919,61.3921208771555,24.207058558683123,64.45623741368031
Sydney,23.27336458292841,1525.9456540972117,147,0.7332059157009211,21.85725427116738,97.83718410985679,56.81061231218449,941,14954.80490704257,98.79954247993962,53.946923910285385,51.48895455807914
Los Angeles,21.19457911432729,1423.7767465848706,32,2.0147192518726427,32.70048045628581,91.8650119474398,12.598564182573622,876,9463.523511976422,83.36751990232142,42.899235023585454,35.291022801831495
Tokyo,23.822327226783198,1915.8374068411358,152,1.104866046225384,60.81290926787845,94.94265982366491,37.06481676505352,102,8335.695494722004,50.521384969870155,17.679292512015184,28.417305855817293
Mumbai,24.817418096984838,1916.377395687751,79,0.7851873671274548,49.499718541474856,99.64354758525047,45.453025972545824,184,10804.750067166746,62.77067423426098,62.92813685692361,24.783865487258225
New York,12.021333158317882,1800.7984003325057,41,4.954821045754754,82.48701977538823,42.17266744536411,53.54845618730428,893,5887.6739410776845,63.03566499599583,33.60687079381549,38.432104862724
Tokyo,19.241361401535112,1454.6053961690168,83,1.9505923023862533,77.22104932169086,57.736941323186116,45.70434660662139,427,14616.657359548131,53.462715314293,59.67210251933037,23.22864950350137
Los Angeles,16.053998456935645,1701.4239420235997,162,4.144435006345857,43.927214618851316,83.07669329928639,50.08640415348959,915,11349.600455910331,97.99132590379645,57.26278093166252,59.70195459435699
Sydney,30.078493909497396,1515.7525135744727,86,1.6458829464369373,38.15964034019048,78.72144326376545,26.972509627140305,549,12548.378199408478,73.91276472879619,47.465526788303684,39.86799129164642
Mumbai,21.75751586115096,1360.0505625079,174,3.566762250007682,46.57846857170868,40.772713443789854,50.74125568732561,553,6704.779381739176,94.7907298685941,39.66886787770558,77.71743656609226
Tokyo,34.58557852237107,692.7505298508653,141,3.9210253695035897,61.320645976036545,87.10831874934325,14.005742319233757,728,9094.778530052039,66.11077517223141,68.77305042290541,25.19686110918705
New York,19.97061106111383,1716.8062651040045,76,3.1803743327352993,38.764454857601336,45.710840028566246,54.74083280302638,320,9226.891133961895,56.26167852164136,18.697904342789023,35.84460460390402
New York,30.4107968304846,1730.959213615933,180,2.6220928484757127,63.69042354943938,45.667233037583614,37.37961880768681,253,13218.064439010868,73.7168054953107,53.509343653066885,71.11723029631021
Berlin,29.958628124613778,1438.909505152359,114,2.3532841136627085,48.65881565338683,67.58820960253895,50.864888498124685,764,5012.366797594094,55.69783173571586,21.47144208788734,61.9165807468444
Berlin,13.767938599135736,1730.640265656902,171,2.069907199443479,58.643302659638614,71.50579543891922,32.615914225915006,111,8008.531083532551,74.300775148877,30.295786319940902,24.514388987441727
Los Angeles,22.70496941851797,1477.2271577866818,95,4.682881149115216,50.52885703947217,70.60603454864679,42.178884759826246,232,14812.363743443038,96.0148590609704,28.521924602391714,81.40676200135402
Tokyo,27.395320169772045,810.0265398151181,104,4.237787335044781,40.61260316793424,36.40407861784284,36.320133046805665,403,9748.865435062187,76.03840709171064,66.82215926432337,81.40832339783256
Tokyo,31.458970120342997,910.9416909817006,132,4.842621097999307,86.39173148735097,91.42226038412662,46.579476087766594,392,8825.262802440082,80.82498634475417,68.04137066729652,43.12856027130417
Sydney,18.14897263004712,821.8836795625612,195,1.0593375056849512,73.45240559118326,48.592002981209426,14.081499101529479,399,6198.290020176463,57.83192184869041,20.98092665408363,43.82840903446953
Sydney,15.506026189138709,1065.8886248419637,67,3.788903638416399,29.80792230365168,39.06604448979629,13.01760419952819,839,14741.646286280156,52.18678129399847,11.322109617850252,89.23198508451217
Sydney,27.778738310950445,558.4446984653505,79,4.72253205569467,80.79275831285389,92.2123655908284,22.355161700507324,882,5200.263559258245,55.54039810899035,53.200482379786784,63.832332011519675
Berlin,30.237526153492887,1427.3808265068392,127,1.3155487977454707,54.120183877465955,96.89560487608274,17.97723400565942,142,12371.802250072431,79.92657878421828,35.079396032229056,57.19215643976414
Tokyo,18.716649682293234,1004.8313223330897,111,0.7992332031504987,82.61865588258641,90.34893320858154,53.589178329610085,442,12685.998047885085,54.75058494961523,15.330414705253864,78.67065284863472
Tokyo,12.40441377728552,1483.5839530711132,59,3.8350429218052655,75.98986791631206,86.66612523074147,20.960699367902215,425,7436.567160638666,68.79964449706557,51.02524633462255,39.97032368501215
New York,33.5130816122401,1078.0949314483476,108,3.0851290093096035,49.764945312846336,75.86693864473152,58.79326279095657,913,11715.584436130372,77.5045970229078,42.70633169564198,50.042781537744986
Berlin,19.93930052718806,1522.4205034591846,120,4.288229495412224,21.57285158240822,68.56001594263975,26.844789588555344,597,5929.291443793899,69.43263993149235,68.83100932006636,38.74436728418339
Mumbai,22.943783763187003,1010.9368541963601,81,1.1289756948183027,38.80741515694623,36.08907319379871,19.105895784434964,463,7570.472664320799,58.18419007326507,23.644569751682738,75.2412592612112
Berlin,30.9427526476832,891.0417923538546,195,4.078702903369505,57.914395026260685,58.59172491494891,49.484925357123956,990,12879.01988292265,63.68956537570533,34.238672579592894,60.13445419446526
Mumbai,26.892252925982017,1244.0561814401094,108,1.4073229402148504,64.34347538783031,56.08819619086198,42.935388775043805,526,13646.861920335403,96.41587664242886,42.55274820372537,66.11775490980494
New York,28.3804029810193,1539.3355380379091,59,1.2364517428956703,38.05213798032416,48.182764863222836,34.90978582265695,120,11084.864126597913,83.79911377931776,57.501999307201096,37.66150748875846
Los Angeles,15.226790518442842,1022.504906679796,135,1.2391960906894681,29.75492518509769,80.63940795820095,37.76817754688156,506,10068.384318204826,74.80239193399433,42.93031940320353,35.41577109641206
Tokyo,23.536199345689145,1904.9722277835608,80,4.16558624104122,78.44511657595095,64.71130145551396,45.96008891361319,718,6593.040206189803,50.635744499344675,46.77400965171695,54.18622402880571
New York,27.394609983627056,558.7794900134694,110,3.4933874931329005,88.90815264924865,35.673235113535355,21.422737066564935,435,5631.090330791501,99.6207700244735,23.568823095396446,71.62960243649788
Tokyo,15.713750544932491,1126.919047573368,162,2.853794411461037,56.79831276118801,45.41282413648679,59.816695802837096,914,6176.490284735586,83.57274674473217,60.81512368531359,56.76678302641121
Sydney,14.373873177398405,1951.3708272803713,58,2.114737178555761,32.017550009381246,77.8281134561717,58.73965810733915,216,7273.573000960988,65.84612386724724,35.717832818228544,22.285197428196803
Los Angeles,34.55420858323589,1321.957824872131,161,4.447402433658987,39.061512856355826,35.32916016432101,42.516284317346845,223,8416.745018969208,93.96343299989191,18.457577651306156,80.79860544242021
Los Angeles,22.915897281775358,1135.2064134621778,167,2.2660029834018593,21.28734735832267,89.5844839834138,19.977122546457256,498,8809.095255109873,62.921581014590906,49.85127487032504,24.52808254605921
New York,16.520729370760225,1352.7804256249374,174,4.174697477622097,84.00091645923493,64.6602568909782,44.01141212156457,892,8463.217685890035,77.20082895913758,22.96542719111845,86.90771386045266
Los Angeles,34.90634249394811,1363.8868628871269,103,2.476107088565983,28.24257580230988,63.64106041286536,13.609920448958793,903,7390.553321972656,81.80353818649125,15.853750614357985,21.75993707940909
Mumbai,34.135483782219836,1597.4716329494604,46,2.1962499324120843,60.35615328599775,71.46854492616623,11.532625110290303,814,10097.242467516982,61.053168572686424,61.719214504256335,68.6115319291496
Los Angeles,23.95733634017744,691.5345941336984,113,2.582059035513229,39.18386544810442,87.72766761476043,22.884144425560685,150,13252.86108232897,98.91986394002978,37.60973586930638,25.754494459824716
Tokyo,32.06590857973349,875.0246738241569,98,1.8562004337386393,58.792460176105536,54.34664455315351,33.131147836965816,882,7797.035384714793,87.40959529894988,54.957022761746586,83.74736056045977
Tokyo,14.717677708534485,1370.816018515865,63,3.86424221079313,65.59942718463049,77.46113067913444,53.413625270419026,423,14423.870191022332,77.8906612755535,27.435253588381304,52.510326535787996
Tokyo,16.971783814804546,1800.674910814583,35,2.7622417554161562,78.08192625950412,69.60123747970538,46.3584534883154,888,13733.366617238478,59.02972990876504,57.21820809505998,29.62666423719108
Tokyo,27.50894574931928,1342.8000382156604,82,1.5449571281606778,34.44948902324222,48.69197891185949,47.13532605999905,240,6617.642113521096,52.692910349901304,16.71615562129182,43.85709898528926
Mumbai,31.166528555957647,857.8952896855103,155,4.548085579735558,20.769708006093634,91.50409904486105,31.27466672240377,569,12862.759567570945,66.00299162604918,31.358402427691164,31.537727274273344
Berlin,31.408107296952313,1519.7671698503686,72,2.2275104961794514,29.58199410481651,85.81982151248496,27.296749627348145,886,10745.873823177666,87.65936679567014,68.68370907841171,31.9407338089963
Sydney,20.11270317805475,1609.8631406710617,144,2.945987875012949,83.00130492936736,76.09162842608978,28.551938149230136,901,10665.753621714186,63.46656491510125,57.63938298208036,86.36758241200096
New York,32.19425246902399,857.3542286059692,140,4.579124499340462,81.17230542937607,89.54072103659693,59.38247818680289,433,8910.427630581744,76.97781102477526,39.83535581888129,51.16722785993517
Tokyo,31.273211219187818,1066.5933292644422,180,3.3090709816129644,61.81891715192158,90.71059406718616,12.005459570624124,992,10011.529991820098,86.39735883653717,30.386648293713105,75.21615847337517
Los Angeles,33.39087485552369,1301.4912102958451,109,1.0260411831876384,62.03618023035574,79.58540837005243,53.35157480612243,472,8971.78777429211,55.397185732323216,62.328142001348596,64.77238928243773
Tokyo,29.63351627784859,1244.8417860246166,124,4.729244556260638,66.55256721823788,88.59093298545704,38.93377042861967,663,10397.326187599429,84.26490080579367,42.69086554507094,67.34984536368745
Los Angeles,26.724706367855717,1084.4271293288052,147,3.3246862388213803,32.27598950364147,78.82300231684985,31.930770959479524,593,11279.500527726359,54.593544385502234,55.505501072146664,29.218540693042698
Sydney,24.517165535911367,946.4527617639662,173,2.0070752659568876,84.00883621474719,77.60985402322103,46.262883020756824,638,11743.038064090484,98.25648710634982,55.246460818969844,36.392911277083996
Sydney,19.307069164043575,649.9773307427951,37,1.1267243269852427,49.31393674244512,73.3027964750629,34.33344707123514,768,10324.811925594262,74.41970650324697,11.07674071410951,75.07252346081059
Sydney,33.50333606144446,580.2279451210534,161,4.073113351716332,46.81969697746482,82.69016476903488,53.67116190408303,850,12214.220673287316,57.53380538549387,17.57522696755681,87.95363445323481
Los Angeles,34.34159591888293,1937.8122453247975,133,3.2903274016783106,56.324239369798626,41.10235737051516,55.035093200562926,255,6412.780492755058,67.11918180167733,49.57776198368453,38.387294981905626
Tokyo,17.098024368436644,1770.7147161433847,161,2.900574913893447,23.287617674253852,91.66095314392498,31.08604634367277,390,7119.824909022385,70.67082246476308,19.697188677152287,39.00981353257279
Sydney,17.634096508609836,1032.357785694081,54,4.5225166237293095,31.639835812925558,91.02904694216625,23.841389861752578,747,13187.350040742702,87.90925055382687,25.32960067933628,53.10279929676334
Mumbai,22.140343839655664,1935.2013276896846,125,4.048687450510388,71.66235314984593,32.047309812419144,39.617516429668115,243,8225.279778464152,87.17118930383046,66.79827725197643,88.86882189988064
Los Angeles,21.210603574656183,1515.154856636455,184,1.1825369587973804,25.795906754758853,87.80717253953338,55.61816728083455,205,5228.938249761202,80.59702526686655,43.61093550249471,38.82712620785297
Los Angeles,34.861436565270516,1223.7814244639637,122,1.902749305079967,62.220647662647174,39.020890723141164,20.533109450283327,519,6537.911496680311,55.29653562792465,55.04377041996083,48.48803367439847
Tokyo,14.398131316933634,1239.5384866577074,189,1.618201129165096,37.17443767769247,53.45831979813993,41.14832917817414,769,7236.144344963112,57.57846857938368,43.478844326958395,82.40360109364548
Los Angeles,10.451884090388022,624.9266167928895,90,3.847758316577046,47.25069298293836,82.04557794041254,41.57801100462603,757,14573.228878945873,54.68784603227783,43.15081688696351,20.204472283495342
Los Angeles,22.347342879585867,637.5562208877216,151,0.6508959563110073,40.20856157394899,41.253192723381574,46.65565112076405,101,10730.414289308494,78.85863916437751,15.649114607541874,22.783617549199867
Sydney,14.47056773053322,1403.6613888516786,80,3.0645035819209245,44.89709015254644,87.25769168833435,16.57838425636299,688,14327.307404762549,93.8569220755702,30.619791556546183,62.285017394985346
Tokyo,19.161719614571496,1330.554578518701,176,3.9310640858331074,70.33321336289718,88.24939245704194,45.79124823410443,743,10751.633504966248,71.6900256127386,26.945853921190704,83.51661152989928
Sydney,28.604263076414057,819.0918425363434,50,4.445445365427872,40.79852009362225,65.52274136325853,55.45162603328205,189,9793.544401378518,58.04240869788731,33.443701936816794,36.719966228134936
Sydney,28.023498106303233,1919.2918143225354,34,2.0393678692215835,59.648324820782804,30.44701102017835,18.984155443512098,444,8137.27691194096,77.90211625744836,57.900651293459696,52.87492422764963
Tokyo,17.701519796309732,1671.944075706804,121,4.195657871024058,53.32352815393698,50.09266932224389,21.87716624619388,449,11063.709444333756,90.58761084328549,32.31596007501189,51.53257111604728
New York,23.563505763872485,670.196903026172,199,0.9978428162984325,66.45698157538537,73.18488428630195,58.56975470208198,558,6391.980246175299,87.0856030756465,37.10180915390096,53.10799422668571
Sydney,22.720351920969,1896.3936585309389,90,4.309035312805332,85.57808175273306,98.68303246191964,19.048847635474488,362,13982.61627292706,94.07253898375106,33.84288342911899,63.57637870108216
Mumbai,25.908315454647386,1961.3723128016152,51,1.073698980493921,71.28004680471753,74.22694689116679,52.71925466847895,450,13293.324051412837,63.89510486244339,15.604478318517735,52.882063409347865
Mumbai,16.261545465139605,1993.8968630454938,178,2.2877928075216527,35.04582650135298,48.186250674491184,34.61389282240174,207,8175.31447876737,59.697693363388744,36.464329495047025,51.32276989257205
Los Angeles,24.746771189013597,583.8067320160251,99,4.087829146007991,22.182819454289927,74.38039921697279,22.361553720158852,685,14527.975276012943,93.99082429709694,21.7365563826709,53.20018943018824
Mumbai,34.47232145687522,1605.5533351865133,30,1.174628423069482,38.358483100987755,67.79897658010988,53.53749506362557,138,13252.007674155682,82.87801563890116,21.20339774638249,61.36072088897291
Los Angeles,22.16855382398638,1318.8736552474834,162,1.5316312785468866,61.65545514901784,84.58917766058005,32.265262750133274,258,11663.068858350398,65.54644650037771,15.64216626605598,57.59052418459508
New York,32.65246969296385,1558.747225818042,41,3.750136557768798,23.599806943897526,37.48864471788709,35.740867696484514,682,6217.619111252748,87.11740252862546,31.400258448505884,79.7895198355353
Tokyo,20.859859137760715,1952.9779159612024,119,3.7401644144573347,54.74563730408654,83.27195317514196,27.961668469988286,411,9782.340230480722,90.75591922401838,55.44891308736504,23.46477974455666
Tokyo,18.751960192366894,1532.0450152625585,75,3.385164347983838,61.778999424182246,67.88866050732773,39.64754257174637,340,10061.075548467508,80.74891201705663,26.586501435003765,78.33219500311088
Tokyo,26.12758405076412,1755.4458113560609,63,3.62276800010195,43.397072357187255,97.40944027012962,18.176193629251138,544,7325.513583653801,84.39420549399576,28.740946113130814,79.07472288282068
Mumbai,26.72310149157749,1800.303057966262,107,2.942259995064183,73.96385426220753,53.931051622708026,29.554076832588034,397,5799.653943593019,68.76299522213331,48.56047946034542,39.94356150716726
New York,31.604189126797575,1757.7211456459777,74,1.6330957650812874,27.461877719364026,74.28353251937637,58.470616116764376,135,12767.236304716927,76.93478336715195,21.75044875521513,52.39963685110954
Mumbai,15.754631706038882,1139.1372125704115,184,2.0556319707676374,25.259644721506614,95.24196738570123,22.906671635056377,183,6220.35052124395,76.20795853630811,63.81747582541206,50.697694197620486
Mumbai,22.47983449711881,833.8646263565458,102,1.3171897256064156,70.97321293425223,37.175680959347545,42.83683322706461,551,10942.907505617746,92.4023895565386,41.21143139509327,35.29568840478912
New York,24.300104980229577,1094.9774029313778,55,4.588027526001327,54.68439213443389,95.60599410655158,26.259503211234744,985,14364.491738836605,91.99819901410913,36.856176419213014,47.77577929604215
New York,29.213850357657726,1837.845363165165,76,3.125263076447542,68.18816774994153,78.15200056105694,48.67365628433003,874,13761.051925980426,91.63402346735216,43.469211515752086,23.10714405195981
New York,11.090094293860844,719.9072325380382,150,2.3038313754363795,50.437913702262236,34.74859413736203,16.54368303591749,921,7777.5262374926115,50.551580713123286,19.962058804971726,39.447545094721406
New York,34.86376276993353,1269.9892530385894,85,2.5790261163985972,37.24814232673748,51.067449686277136,58.491052253927236,484,13514.486375512653,87.47727422344441,46.80838831835058,77.16775228155026
Tokyo,21.748612849773572,849.8421086367916,123,4.762775028253169,77.33716223719398,79.57204620516971,32.68947706918196,271,5003.325061204894,87.93381950555025,31.786044198040628,39.91936112340283
Berlin,16.989008544918967,1371.9581258401736,136,1.190081314022361,75.95911152782855,34.71454210281402,21.802523167323198,475,5176.878096132572,83.91894114275709,63.83118045787713,77.27446681237733
Berlin,32.087350556656475,1794.7077829835057,92,3.1380342440755875,68.62875295980987,70.75193221233913,13.674837366500633,784,11025.531638428649,87.81323289457262,20.131252400661168,57.21196252231016
New York,28.692969347435348,1820.5399529576252,77,2.7764990549800967,39.05015960609739,54.21181398670697,18.487895254377037,461,8647.982191445295,92.09851857483544,40.42306623192646,81.5903874152812
Berlin,33.82679617559883,855.0277905231181,90,3.2515440594559153,61.3161466808361,73.4640862437234,35.988697427800886,658,8864.608411591471,73.51595270508929,45.88675776214108,60.23456879850906
Berlin,18.26875761676284,1861.5405595228194,110,0.5814958271937822,45.26817278580188,33.2019423668759,26.850158821564314,990,10644.410906788824,75.10251067442236,12.003016107182873,22.076775614531787
New York,23.81912417088725,1387.8331082319264,55,4.424557590248682,26.410745132864392,91.00757643066635,51.44416829413047,240,6917.824555918605,56.23570284556952,31.821587485368415,67.27941452829624
Berlin,24.307311729270957,1025.3273700504703,65,4.694532271176255,84.211950282357,98.14422784241778,31.544376183090296,986,7117.553506654784,69.26879415236809,53.95811408204997,23.139749761649806
Mumbai,34.50828959290114,1562.2717933747997,30,3.0430993261514403,29.5773041643273,97.8214498699984,22.435713629381496,217,9846.015870188647,82.16825899558921,59.222650446938395,51.54179132881938
Los Angeles,11.883656400153205,1222.5004819461728,37,3.634928707446015,86.51661476745618,82.47562822200473,40.8572493302015,376,12542.535443438632,89.01998880736372,28.789719689036943,85.05986861311798
Los Angeles,17.642425482179547,1066.9813851833817,142,4.651247215297831,51.2204041070569,39.106036809144236,45.33886084427229,825,11194.977514075876,60.860454884560525,57.915596342965074,31.56427575364951
New York,14.77277577875865,1557.6265464449898,128,3.6825738544102937,32.959305018703375,83.07842371503159,18.352095395047492,319,7973.55048236839,56.89114495796177,68.06535262620332,47.291064705908084
Tokyo,16.71187142225392,873.0862316454319,76,1.1864256931141761,57.93306631648507,31.721084152116106,18.380960814415882,125,9303.371775089212,83.15210022502461,61.41243616450565,71.09022161939349
New York,22.131996856907893,995.3787935286477,156,3.0932976207506595,81.10620851134857,31.548648607029808,11.833571346677148,620,6706.647585499984,50.09399417624553,17.058639289559512,81.75809892663933
Tokyo,19.317171677351233,1151.677766732407,85,3.2302177087228516,71.25574204866928,52.652715340467886,46.82010075328203,882,5746.298143370817,58.918629215366494,54.383819925132435,66.96601033197555
Los Angeles,19.867286670236805,880.5232608097081,43,2.408588020860737,76.45928035030148,64.2050233283266,43.190226381090255,109,12826.960407441493,51.45356901719769,29.180009946432683,38.072127793381846
New York,31.105328518157783,1107.8031301721257,57,3.813999060311253,66.11483566975022,83.92851924654553,33.73154378749069,477,7653.874091881946,58.34425589274355,69.3049593647246,67.22254970413513
Sydney,33.2504208702708,1357.209537807516,107,4.704651566460567,68.45935951624966,77.83067636245536,52.20852244845986,732,6777.663878512482,59.06596399627526,39.121538989593226,40.7709348772863
Mumbai,11.760403271238598,1611.4607913660025,159,4.665058308080494,79.44369560957236,61.21318944637238,50.28350764750266,736,11916.180555693194,69.38367973751971,17.34603390153646,70.29004608731147
Berlin,15.222967940384004,1650.7922796628575,138,2.5287771713185947,37.47676062014301,49.15386663971661,39.267718219837604,781,11180.51674287186,70.1163562343278,53.51113288164345,86.78231893095284
Tokyo,26.778587920601264,1734.1855278150397,183,1.0095712062833986,54.259747455019834,99.79871501103977,53.41356402566293,683,11331.896260134641,93.7131235305119,29.380671903172832,70.49754157744019
Sydney,18.966169532404095,1616.317485414947,43,4.931785395330506,35.484660927372154,59.83269115651811,20.292060501838414,251,7288.946048466136,75.50548562494126,69.8246894248997,80.40163520386886
Berlin,16.35409122674347,1521.5591406453636,85,4.275041389006704,89.13676055976529,61.59709170307728,15.595980969886394,819,7326.45538562681,86.17023828061431,68.7869474712713,20.14726902231184
Berlin,17.382264710473468,856.2597069387049,144,1.0609820654147009,86.08415377806293,41.453667483416844,23.48748057584948,148,7208.0262978563915,55.20686789601437,49.36804108123484,70.23004873121161
New York,18.063769105965015,1100.3343393080372,36,4.643788471778175,22.759876795795414,85.63666841249506,12.854342804465743,253,6737.525956622945,61.27193777318469,17.789586937103053,78.07112898056752
Berlin,31.21674487311686,1216.5723363203415,32,4.414533629279577,69.3902620760982,78.55775580470421,36.5584764000516,958,11557.236725616563,85.14717204893384,51.21165986050174,22.8391116281277
Mumbai,13.41553328605072,624.3369825400314,140,2.8347712570673247,84.7673822190966,45.45387289521322,56.830284614748074,392,13480.158852494014,52.64019802342641,15.581829187601633,81.01184091017615
Sydney,27.722774922752965,1292.5551819458137,180,3.1607394608521817,32.64027415891334,35.766673193108986,11.967177033425482,679,12243.174696766611,74.32988311218766,11.761849546143539,37.96859598170321
Berlin,23.820499422697694,1154.503747409834,136,2.2955121674155863,59.756166138684065,77.63495114522992,16.10549570050134,149,12920.936337605432,79.9684482831467,59.37750677328916,66.57044713846386
New York,17.412753591194964,1703.1638735401011,47,0.746427374699141,84.08418083116293,75.81578499967947,32.60995141417176,763,9047.984290851999,80.10728220262405,22.585176861020884,76.02484153163846
Mumbai,20.49452141115691,1966.8510031314063,67,2.0083875874065544,22.37621850100592,49.12816688987465,56.69375087639524,630,11540.757953719982,51.1466405634021,32.74162757314585,66.38651591415488
Los Angeles,16.40517358986145,1334.007557963877,144,4.112840518691051,68.8194187072788,96.56044935752873,25.807805248837525,711,8542.362404447746,66.10540021145928,68.4074433985704,26.459935445128007
Sydney,25.287842771642012,984.0295824163754,44,0.5208441035207129,40.81443051607855,40.574052424663016,35.36174043441962,159,10255.0462196864,81.8245325524577,30.210430111666195,61.742506320225786
Berlin,12.039854510006009,565.1011749472591,148,2.000746272610149,84.70773367635712,60.26343607298213,12.078642952519605,266,9816.348465348623,57.449986807462174,27.789386876998915,58.470855970550055
New York,10.12962156934967,1886.964995335394,57,2.291759121159245,87.97407716157575,96.05311441173193,17.417160048104442,301,6768.871451438544,84.77078241640265,65.09247997736651,83.022488765199
Los Angeles,25.697360373715902,1878.673572917989,68,2.918280213220653,86.09865423794038,59.38091218482856,59.33150614794234,956,8870.787603356308,87.29626044068372,16.644906719137488,48.29678107509464
Los Angeles,14.856848837801056,879.4852519838616,46,4.639350273857422,53.194995166022466,74.696816336486,58.25593482180228,245,14638.22275482351,99.09845952230727,55.57494460687791,42.47567679609351
Tokyo,11.773522924998192,1543.1166846599713,115,2.0585569746468257,80.34298556925194,57.831607857395596,10.24699904672048,775,7485.802577149421,60.49209974282047,69.28393399916644,72.48955351055264
Mumbai,19.919595680347207,613.1518206346539,155,2.0612894085330247,79.11845789745493,49.1950641644069,57.590589271161946,538,6338.0373627948875,91.25653338330577,64.07776064647894,48.88727282583777
Berlin,11.269213275984924,749.3231478638794,73,3.818755616493868,42.337033127027894,98.87843535718798,41.95599689077502,341,9185.806216239353,76.0148288459327,49.100075122385554,65.22673225035442
New York,32.165428723766496,825.2136598797368,54,2.534980734004132,78.02408319054742,58.65338044205301,53.39591472600111,680,12903.377358601481,68.67312980720867,28.84364769956392,65.2515063087225
Tokyo,10.690419296842618,941.7409202591448,174,1.510721703229919,22.59053443008448,92.58694425753941,32.736992781692955,786,10821.482297799723,56.1188378662589,25.259318870699005,82.16273450520825
Mumbai,24.471622387688967,1993.747062544056,42,2.53597782259712,61.738891493743715,46.09682241237603,35.779801428962514,660,11809.748272382445,86.77528032437688,59.15530629228767,61.90846816233682
Tokyo,20.961853075452176,1545.3875837957223,54,1.1338565917090992,36.100618610139215,44.91732928175583,34.44232901284601,582,6896.948481746772,61.792879957184354,62.78931483710172,55.15075269733908
Sydney,26.800653382379984,1076.3027470688298,97,1.293741439278005,28.439682004409516,32.17938580191579,43.34321287730522,207,11189.481930077214,68.57110009365229,41.52609475274157,29.72099284775619
Mumbai,18.2038166868683,1605.651058764529,167,2.7426549773276587,25.38672411404464,75.61667777631195,16.982562737815645,325,8235.003949114738,53.127111344868425,24.66039644718797,28.101632467509376
Mumbai,13.876040418193604,1872.8815125036595,96,2.3851645227704656,68.74021431146979,55.796844060663275,11.498679493633897,772,13343.033659547675,90.06834579097595,16.77659250467041,30.802509569815555
Berlin,34.54602220776327,1938.0536111117692,138,4.61680655480645,43.791247463764634,90.50507748877459,25.396497079559545,730,11292.988060107362,88.32942619858217,15.230768069909871,32.02939369289662
Mumbai,30.973337551734083,586.7958466365611,175,2.130772546024849,70.73367400701329,63.124693468409,45.23403813683233,760,6988.562777752959,86.68079150211562,53.144646841231335,64.65139648645437
Tokyo,31.51011545779188,1091.7826979121946,140,3.1126475762511956,24.574943855925966,97.77353995403053,20.092672606147417,761,5646.166798440861,64.97217552459433,35.207123670863496,71.86868751922049
Mumbai,16.2562840128966,660.1340989038266,140,3.3451892956378866,42.07032364814272,42.98678609921848,43.67162166624587,531,5426.332092870327,58.674003713297864,64.32159245667222,57.09940660484931
Berlin,10.97086836073558,1003.4900971954448,63,0.5589250546475013,57.7643904662736,90.80362175689275,58.49560230536352,904,8714.085676501407,81.87766322351149,54.38027804360582,78.03124127818438
Berlin,17.58163786683057,754.5198558433483,140,3.4859181740751977,75.35062153872744,84.36177969542192,14.69503578947092,754,7658.5113665431345,74.80831920566098,21.475625074875204,89.38842587135433
Sydney,23.427060679916387,1470.2725425030858,37,1.3011618509138814,42.312675205244894,83.96452912508364,43.630105911256315,518,11460.90123462508,58.91262334523208,46.82664512894194,77.40088403835492
Tokyo,18.16628104490102,1082.4025759848082,197,4.824816428612548,63.81239635059064,89.13482596818213,32.187510965228554,554,9993.338349786183,84.29556355249318,36.13032726388956,68.64176615731714
Los Angeles,30.696725094689718,844.0921185574246,142,1.1689822748890082,82.0184423765331,83.27167936600992,53.40711271887527,259,7660.192780053807,99.55632159106518,44.63498384611678,57.274488960600266
Los Angeles,16.788572895493548,898.9068874463585,112,2.365808556771607,63.11042317276132,73.83542251419908,18.857489472369295,622,6492.377779501761,87.36097938710188,54.28414740031103,51.41971501722958
Mumbai,34.131295759769245,1040.5176428079023,71,0.8840735063538974,36.30716323275436,39.18714143776713,44.63129761130823,749,6271.997626874496,86.99931933428059,58.371752860227446,25.907466638117963
Sydney,21.431629040343214,889.924794281394,198,4.985934133306763,21.70805470895766,32.27683256438763,51.90576448240551,689,13646.603921404178,97.51563764652958,60.624239584403455,47.95581238762837
New York,31.050576875299534,1179.8612702432465,130,2.759877546490592,80.90692117306509,94.45934934709808,57.230710973701164,176,7434.779684048673,60.14681837874511,25.238492474321482,83.70942457474939
Mumbai,14.859500849871825,548.4739266644757,35,3.179232577940197,21.4888587595271,73.16552201645166,44.16240141448229,608,11517.106479109683,78.27749824607201,11.86693599504146,76.5615840934587
Sydney,20.283847626416964,919.6452607534186,55,0.8018441482479237,81.22911708789397,85.75761036833234,34.858738200421364,540,13106.859279862663,98.98233575169417,54.35768410988639,35.1235955508181
Tokyo,27.487805269179844,1116.8100813082792,93,3.8748221167963,57.02559938190484,63.706564605878505,40.892362010060694,353,11140.813111847361,58.26470554850873,16.380623575346476,52.66254492880511
Tokyo,13.458827310445034,1404.1728230349477,88,1.444575168930136,85.73473889590274,38.211573227367616,53.44524922393591,869,13595.652316469457,85.01259797222605,28.895175316778058,77.17062417909813
Tokyo,13.318635556074245,906.4364637726949,138,4.541244302483212,75.91482650415658,38.76300545417853,38.53048733194149,419,8923.937215284745,79.2905072985951,10.22902804746083,24.716918834986576
Tokyo,34.23842167785398,699.7776878356245,150,1.4231283821690321,89.85538773733363,77.989570106028,11.519352984841843,902,14562.221906489483,79.32395460943535,50.9001689440972,47.11748099680615
Tokyo,27.8648776044988,614.3005693987448,62,1.3580947429864996,44.54982708161971,60.12141264296239,56.54743477534889,362,6331.4500417809695,84.88353137600376,20.027920688273277,79.62888658117633
Sydney,11.026687919196895,1910.797740703075,179,0.664473505316427,73.70318022517888,44.03673086902357,44.476337551578055,696,6021.495296575381,96.48084614378422,49.31694458149949,48.27285049190866
Sydney,19.970522536119866,1124.9585866077186,50,2.6243012529949965,48.13516395264695,64.41161827190058,43.82566928886233,757,11586.921462074435,89.1290969925669,69.50455703007033,25.43302513120086
Berlin,20.83801843951855,1371.7439317712394,99,3.041785099681774,53.59129342127362,34.494625595259386,20.783757619885858,934,14428.311414132617,52.8068051708105,14.360252296600978,57.9774057972576
Los Angeles,28.601066074977883,1878.7648277533394,141,0.7956888774275857,63.9253824252859,70.73799813400791,42.94427351163286,653,13088.834616363281,92.63640099378557,14.624680717087642,80.32197464428067
Tokyo,16.271513183666528,624.1226300529593,33,3.9898742751275478,81.15739799304372,48.82953831045684,29.693220282707923,473,5764.168594380514,61.27706649628663,30.422805560000494,61.31998800672118
New York,14.608341858284252,1814.9922288886892,123,2.5397997563661243,88.88584284395066,85.82913704460317,42.561648852074605,736,7793.677139347164,68.8457082368186,61.98319085508052,35.83953757499623
Sydney,12.021824165429942,1327.3818088161051,104,2.8597562119741102,73.77913897051627,51.72533712465017,15.329651515399537,266,14303.188848378237,73.08664068061911,22.93179212747991,46.89677340961669
New York,20.707861873502694,747.2513917055014,91,2.4834323612220266,49.243674751713364,61.86541043572608,42.8922652301518,852,7530.584328007846,74.04530003765348,31.622669195820855,51.508635282735256
New York,27.21249751913416,1116.8826748780536,123,2.303433773938967,49.494990159394916,30.813437793567044,59.97068628853333,558,12811.704237869191,71.75901996276784,14.110324397618774,60.548644767436876
New York,11.45483988771109,1666.4034256028383,124,3.0183814908869806,71.6307611112224,35.07128214561912,12.410601943027801,379,13251.321959287037,96.86766471079322,55.78931747553336,73.15457180268291
Berlin,32.88034319066201,1220.555122799532,181,1.1985811066882062,36.71440020378117,57.47454894846794,58.858709211065865,799,9954.521034609817,85.30095038320124,34.49838056556707,26.92115323484448
Sydney,21.05880574327761,1977.9290759982566,84,1.31867658722872,27.733187919197626,63.595718430198644,30.345398036143532,401,8863.489098483155,81.55853229783531,55.55492398365057,82.27564231122965
New York,15.99468397893508,1065.108454906911,166,4.378035294560828,44.82355103485436,72.00143836835126,53.537672516862955,630,9501.244324197596,52.49210138914708,64.21647066080772,20.861679211125292
Tokyo,12.346832252032293,1624.3674499641081,160,4.757519579601348,40.10672941578572,50.416380509651226,49.11927420291367,679,7269.646943653641,95.19566651301874,23.965788826077326,45.90366342719787
Mumbai,14.571649927682683,1089.4841734682886,60,2.1798919232588885,40.741568431919305,78.64873202885798,38.35081304933339,317,13893.909161288442,95.46950960041981,58.44376182039708,21.919421698086037
New York,33.365349933492745,1743.7463310597716,69,1.718351029145992,36.35254257349369,90.20856780324432,46.92246046256633,201,9506.196567297578,89.01065317150511,13.545633404695197,47.50819577417039
Berlin,25.956764846083757,1353.6222037486214,65,3.397997944575571,22.94652327454533,84.5895692225345,53.9257780650674,653,13824.594404560998,50.35146019068096,63.93084329081484,56.806881921132664
Sydney,22.917406435664166,595.2677443850021,181,2.339303769941434,21.251175431338968,32.773317774385,30.20701608255165,387,6056.934799062741,52.86401255388117,49.04611285352484,55.817697060705825
Berlin,26.42778321250417,555.2328014539871,35,0.6142386004715519,89.14056728152221,63.63548630804802,26.351658078161936,266,14882.752710001314,61.26118511342449,62.453603448301095,31.593984291978572
New York,20.891822466947275,700.7781782009498,95,1.2026866881478566,49.94411936151036,37.34511248927224,43.379669278179236,720,9432.730874436184,56.56747040724534,10.011303973394913,65.20183570669286
Sydney,28.250982914045462,520.5079472404959,104,3.721875029813289,46.90286530117771,46.943151110376924,50.39229709706293,135,5478.308203941055,69.94180148518647,20.14486422135955,23.134491535326774
Mumbai,11.192903192291219,613.0385905286935,33,3.465157738595681,67.57530978851489,99.06638152870025,48.11425673883079,843,5380.218482374549,96.13115290438948,33.38556324558952,73.33347740926908
New York,24.150930262351906,1537.571595753368,108,0.6219319662656757,35.27777215055449,39.974688003105925,49.89068244293173,840,12462.072574818387,73.60302170984991,32.77017420248312,86.26511037954823
Berlin,13.966161191062277,1301.5194125441947,163,1.4988747286982724,86.49728287651577,64.92217074159493,31.77916574064665,452,11590.355342036808,50.67013132160828,23.60382297541064,43.783817900578256
Los Angeles,13.004116195141055,1624.8661242049577,147,1.5398365846463213,75.04415100908864,73.27090140226834,50.89171080875108,775,13021.305581275876,64.1372844789381,32.896716392032005,56.206756720003234
Tokyo,18.54699166791004,1869.7486283864644,142,3.5235173461942777,26.258770161858166,79.17254793808728,16.01045276853042,998,6053.675339528059,52.22974541864808,17.73092272001529,46.52371946411701
Berlin,12.294976645336046,1377.724298488208,123,0.5886974198946386,49.230654304944984,69.17540784408399,37.22445489804248,172,5355.708670355483,51.81438113067511,34.76566775596156,20.469727321284196
Sydney,12.353924706714004,1589.1812661077722,91,0.9684886189305824,81.53828152935154,30.683959319342858,10.287933024906078,747,10085.792894475784,63.785992654777615,58.14125974955585,47.011215202658114
